{
  "Component-preload.js": 1641419860912,
  "control/Signature.js": 1641242151215,
  "model/json/Employees.json": 1641407554986,
  "model/json/Countries.json": 1641407555886,
  "manifest.json": 1641419861002,
  "model/models.js": 1639433694097,
  "model/formatter.js": 1640274357196,
  "controller/OrderDetails.controller.js": 1641313335898,
  "controller/MasterEmployee.controller.js": 1641164257145,
  "controller/Main.controller.js": 1641407823587,
  "controller/EmployeeDetails.controller.js": 1641164271825,
  "controller/Base.controller.js": 1641164308493,
  "controller/App.controller.js": 1640896134926,
  "model/json/Layouts.json": 1641407554066,
  "Component.js": 1640632805073,
  "manifest-bundle.zip": 1641419860412,
  "i18n/i18n.properties": 1641243409232,
  "model/formatter-dbg.js": 1640274357196,
  "model/models-dbg.js": 1639433694097,
  "controller/OrderDetails-dbg.controller.js": 1641313335898,
  "controller/MasterEmployee-dbg.controller.js": 1641164257145,
  "controller/Main-dbg.controller.js": 1641407823587,
  "controller/EmployeeDetails-dbg.controller.js": 1641164271825,
  "controller/Base-dbg.controller.js": 1641164308493,
  "controller/App-dbg.controller.js": 1640896134926,
  "control/Signature-dbg.js": 1641242151215,
  "Component-dbg.js": 1640632805073,
  "resources.json": 1641419861005,
  "view/OrderDetails.view.xml": 1641419818159,
  "view/MasterEmployee.view.xml": 1640123439703,
  "view/Main.view.xml": 1640896291496,
  "view/EmployeeDetails.view.xml": 1640742158530,
  "view/App.view.xml": 1640895932196,
  "fragment/TableOrders.fragment.xml": 1640897055288,
  "fragment/TableEmployee.fragment.xml": 1640741451110,
  "fragment/NewIncidence.fragment.xml": 1640720320165,
  "fragment/DialogOrders.fragment.xml": 1640741977936,
  "css/style.css": 1640179353232,
  "index.html": 1641160173321
}